Image,target
508.jpg,odissi
246.jpg,odissi
473.jpg,kuchipudi
485.jpg,odissi
128.jpg,sattriya
410.jpg,kuchipudi
465.jpg,sattriya
196.jpg,kathakali
340.jpg,sattriya
467.jpg,sattriya
306.jpg,kathak
171.jpg,odissi
323.jpg,sattriya
332.jpg,sattriya
330.jpg,sattriya
170.jpg,sattriya
479.jpg,kuchipudi
9.jpg,kathak
283.jpg,mohiniyattam
114.jpg,sattriya
507.jpg,odissi
183.jpg,kathakali
200.jpg,kathakali
457.jpg,odissi
264.jpg,kuchipudi
194.jpg,kathakali
518.jpg,sattriya
175.jpg,sattriya
64.jpg,kathak
152.jpg,manipuri
270.jpg,sattriya
125.jpg,kuchipudi
38.jpg,sattriya
440.jpg,kuchipudi
302.jpg,mohiniyattam
394.jpg,odissi
448.jpg,odissi
463.jpg,odissi
20.jpg,sattriya
301.jpg,odissi
28.jpg,kathak
61.jpg,kathak
398.jpg,kathak
349.jpg,sattriya
271.jpg,mohiniyattam
286.jpg,mohiniyattam
431.jpg,manipuri
316.jpg,sattriya
224.jpg,kathakali
411.jpg,sattriya
278.jpg,mohiniyattam
456.jpg,odissi
45.jpg,kathak
324.jpg,sattriya
6.jpg,manipuri
59.jpg,sattriya
86.jpg,kathak
470.jpg,odissi
374.jpg,sattriya
132.jpg,sattriya
216.jpg,kathakali
95.jpg,manipuri
17.jpg,kathak
162.jpg,kuchipudi
346.jpg,sattriya
439.jpg,kuchipudi
232.jpg,kathakali
150.jpg,sattriya
401.jpg,kathak
145.jpg,odissi
23.jpg,kathak
514.jpg,kathak
193.jpg,kathakali
416.jpg,sattriya
447.jpg,odissi
220.jpg,kathakali
505.jpg,sattriya
147.jpg,kuchipudi
210.jpg,kathakali
40.jpg,kathak
284.jpg,mohiniyattam
55.jpg,sattriya
378.jpg,sattriya
520.jpg,sattriya
484.jpg,odissi
112.jpg,kathakali
360.jpg,sattriya
317.jpg,kathak
71.jpg,manipuri
202.jpg,kathakali
92.jpg,manipuri
11.jpg,kathak
67.jpg,kathak
138.jpg,sattriya
506.jpg,odissi
146.jpg,sattriya
318.jpg,sattriya
198.jpg,kathakali
375.jpg,kathak
41.jpg,odissi
421.jpg,odissi
129.jpg,kathak
14.jpg,kathak
460.jpg,kuchipudi
34.jpg,mohiniyattam
380.jpg,kuchipudi
238.jpg,kathakali
392.jpg,kuchipudi
80.jpg,manipuri
517.jpg,sattriya
13.jpg,kathak
189.jpg,kathakali
390.jpg,kuchipudi
487.jpg,odissi
438.jpg,kuchipudi
482.jpg,odissi
206.jpg,kathakali
217.jpg,kathakali
285.jpg,kathak
385.jpg,odissi
495.jpg,sattriya
269.jpg,odissi
429.jpg,kuchipudi
291.jpg,mohiniyattam
461.jpg,odissi
256.jpg,mohiniyattam
48.jpg,kathak
290.jpg,mohiniyattam
437.jpg,odissi
498.jpg,odissi
173.jpg,odissi
280.jpg,sattriya
119.jpg,mohiniyattam
363.jpg,manipuri
97.jpg,manipuri
414.jpg,mohiniyattam
386.jpg,kuchipudi
424.jpg,manipuri
157.jpg,odissi
33.jpg,kathak
354.jpg,sattriya
57.jpg,kathak
108.jpg,manipuri
239.jpg,kathakali
441.jpg,sattriya
215.jpg,kathakali
373.jpg,sattriya
292.jpg,mohiniyattam
110.jpg,manipuri
510.jpg,sattriya
275.jpg,sattriya
366.jpg,sattriya
226.jpg,sattriya
35.jpg,kathak
458.jpg,odissi
358.jpg,sattriya
